originating_region,africa-south1,asia-east1,asia-east2,asia-northeast1,asia-northeast2,asia-northeast3,asia-south1,asia-south2,asia-southeast1,asia-southeast2,asia-southeast3,australia-southeast1,australia-southeast2,europe-central2,europe-north1,europe-north2,europe-southwest1,europe-west1,europe-west10,europe-west12,europe-west2,europe-west3,europe-west4,europe-west6,europe-west8,europe-west9,me-central1,me-central2,me-west1,northamerica-northeast1,northamerica-northeast2,northamerica-south1,southamerica-east1,southamerica-west1,us-central1,us-east1,us-east4,us-east5,us-south1,us-west1,us-west2,us-west3,us-west4,us-west8
africa-south1,0.58,272.38,259.19,304.32,312.12,305.46,174.32,196.04,236.79,244.82,258.58,383.41,388.95,184.90,195.95,190.63,142.64,162.36,173.80,159.00,159.62,168.44,167.93,164.34,160.41,158.36,113.25,113.06,144.91,221.96,229.17,273.32,333.23,333.03,240.15,230.99,219.20,226.08,251.19,277.54,280.16,258.31,278.19,259.94
asia-east1,272.94,0.26,37.81,36.04,35.01,36.20,99.49,109.73,48.51,56.05,58.99,126.13,121.77,218.65,234.94,226.97,223.39,206.76,210.22,209.91,212.20,199.44,210.86,204.23,208.17,208.60,142.10,143.33,225.30,195.11,189.14,167.63,293.57,260.15,165.04,187.72,184.48,180.22,160.82,133.75,127.04,151.30,133.02,130.05
asia-east2,259.80,37.96,0.49,58.69,50.27,47.94,87.40,100.80,30.92,47.46,47.52,170.38,133.56,208.82,227.59,217.02,214.35,209.40,200.90,200.48,202.61,208.46,201.81,195.39,198.83,199.40,128.21,130.19,211.82,236.46,205.45,184.88,349.02,285.06,201.91,225.64,230.01,226.77,191.80,185.32,143.15,167.38,168.99,156.36
asia-northeast1,304.55,36.04,58.69,0.71,8.82,32.34,131.28,139.37,70.92,86.83,94.87,114.07,118.34,260.97,264.84,260.48,237.97,241.46,250.20,252.32,234.89,251.16,248.56,253.59,257.42,238.24,173.75,175.51,256.53,170.22,162.31,142.07,262.95,210.55,139.31,158.13,162.50,156.88,134.96,106.52,100.24,124.51,109.04,104.69
asia-northeast2,311.68,35.04,50.27,8.75,0.54,31.43,138.13,145.52,80.23,93.93,95.55,105.75,117.74,270.03,270.52,268.47,244.81,251.67,257.19,260.26,241.94,255.84,254.38,261.15,264.35,246.27,180.21,181.84,263.14,176.18,169.22,146.91,262.78,212.45,149.73,165.14,169.17,165.69,137.37,102.08,107.23,131.65,113.22,110.2
asia-northeast3,305.03,36.20,47.94,32.36,31.45,0.38,133.18,144.25,78.85,91.72,94.29,127.12,139.56,253.42,284.69,261.74,264.36,242.08,245.67,245.18,261.42,235.98,242.12,239.94,243.49,265.37,174.95,176.99,258.61,195.61,188.66,167.67,282.27,231.82,170.00,185.58,188.61,185.00,156.58,118.20,126.72,150.97,132.28,129.52
asia-south1,174.60,99.51,87.32,131.21,137.96,133.14,0.46,22.45,58.87,72.68,85.40,206.20,218.48,156.45,176.40,166.19,141.66,140.27,149.04,131.86,152.01,138.09,147.97,133.19,129.43,137.71,42.79,45.20,123.78,220.17,227.55,261.50,328.92,324.42,238.03,223.13,211.89,219.98,246.67,216.80,225.45,244.49,224.87,225.3
asia-south2,196.29,109.38,100.82,139.18,145.61,144.35,22.82,0.55,66.98,80.89,92.67,217.16,229.14,177.64,197.45,186.75,163.22,161.98,170.09,153.78,166.76,159.93,169.21,154.47,150.31,159.54,64.44,66.67,145.52,242.48,248.61,267.56,347.59,333.30,263.55,245.72,234.12,242.16,258.66,225.25,229.90,252.65,234.89,232.49
asia-southeast1,236.79,48.57,30.89,70.91,80.30,78.80,59.05,67.03,0.65,14.64,27.04,168.73,163.92,175.88,192.88,184.37,181.25,164.18,167.83,167.91,168.96,157.16,165.03,162.35,166.02,166.26,101.30,103.00,180.75,236.99,226.25,206.39,333.21,276.84,213.65,228.51,227.66,223.98,195.72,182.75,166.46,188.71,169.36,168.01
asia-southeast2,245.84,56.03,47.42,86.77,93.92,91.69,72.69,80.91,14.62,0.62,40.58,164.95,177.25,189.56,206.27,198.11,194.93,177.61,181.60,181.43,182.79,171.04,178.26,175.90,179.77,179.84,114.27,117.02,193.75,243.37,237.62,215.92,329.20,279.47,221.10,235.97,238.43,238.54,203.96,172.80,174.96,198.53,181.14,178.04
asia-southeast3,258.26,59.02,47.52,94.90,95.54,94.27,85.34,92.77,27.05,40.57,0.15,167.59,179.85,202.10,218.65,210.54,207.44,190.61,194.13,193.80,194.77,183.36,190.23,188.60,191.86,192.62,127.04,129.31,209.76,258.34,251.18,231.03,344.60,294.53,212.89,247.31,251.36,247.62,218.61,177.13,189.37,213.76,194.81,192.09
australia-southeast1,383.43,126.72,170.08,114.06,105.78,127.13,206.22,217.05,168.33,164.93,167.62,0.42,14.47,326.61,342.13,335.20,273.69,315.43,319.00,318.53,269.80,308.62,315.76,313.48,316.89,317.43,248.21,249.89,329.95,202.59,196.68,244.86,326.59,301.10,193.75,223.30,224.25,214.11,209.51,175.24,204.94,228.65,176.11,190.43
australia-southeast2,388.43,121.41,133.56,118.31,117.71,139.54,218.49,229.17,163.89,177.23,179.87,14.48,0.33,339.21,355.50,347.10,344.29,327.23,330.79,330.81,333.12,320.05,327.65,325.57,328.92,328.29,260.15,262.22,342.39,216.67,208.85,258.53,372.45,321.94,190.22,276.44,211.60,206.61,246.58,149.40,216.60,240.97,222.07,219.3
europe-central2,184.86,219.10,208.87,260.88,270.19,253.50,156.46,177.60,175.89,189.61,202.09,326.64,339.27,0.42,19.60,26.21,43.05,25.47,9.72,30.27,30.20,19.87,18.98,24.51,28.61,28.17,109.88,102.17,72.20,105.55,112.86,156.75,212.93,213.47,123.96,110.71,100.14,108.21,131.85,161.67,163.13,141.97,159.61,149.9
europe-north1,195.97,234.94,227.64,264.73,270.52,284.72,176.81,196.53,192.76,206.26,218.63,341.90,355.46,19.59,0.28,12.56,50.21,34.84,20.06,47.16,39.77,43.62,31.98,36.95,44.07,46.79,127.25,118.68,88.92,116.67,122.62,158.26,226.63,278.25,131.63,114.46,106.35,113.74,142.90,169.70,165.07,144.17,170.41,168.0
europe-north2,190.65,226.71,216.97,260.60,268.83,261.84,166.22,186.75,184.41,198.10,210.50,335.41,347.10,26.24,12.60,0.25,47.83,28.96,17.84,40.26,33.79,28.00,27.21,31.69,38.39,33.21,117.75,109.79,79.64,111.96,118.99,154.90,212.93,211.84,122.12,109.44,98.71,106.90,130.58,159.73,160.93,140.57,157.91,159.42
europe-southwest1,142.63,223.23,214.31,237.96,244.86,264.38,141.72,163.11,181.28,194.92,207.52,273.80,344.28,43.08,50.19,47.83,0.52,19.67,31.51,19.78,24.47,24.88,26.22,25.14,21.28,16.59,91.56,82.87,53.13,80.76,87.93,132.08,192.45,192.14,98.63,88.90,78.46,84.72,109.73,135.98,138.88,117.09,136.92,137.89
europe-west1,162.48,206.55,210.09,241.57,251.31,242.14,140.24,161.87,164.18,177.79,190.54,315.42,327.18,25.53,34.89,28.96,19.68,0.31,12.71,19.18,6.25,8.71,7.79,12.95,16.30,5.05,91.13,84.33,56.42,85.41,90.00,136.86,199.62,236.78,105.93,91.52,81.22,89.98,116.10,143.19,143.35,122.03,147.74,145.49
europe-west10,174.01,210.30,200.94,250.19,257.21,245.56,149.13,170.13,167.87,181.63,194.08,318.85,330.79,9.71,20.08,17.85,31.53,12.68,0.40,23.66,17.29,11.48,9.87,15.21,21.77,16.93,101.52,93.82,63.18,92.94,100.06,144.83,202.17,202.65,111.90,99.40,88.83,96.69,121.06,149.31,150.96,130.36,147.43,149.17
europe-west12,159.01,209.77,200.50,252.27,260.29,244.99,131.87,153.78,167.90,181.43,193.86,318.56,330.82,30.25,47.19,40.24,19.78,19.19,23.66,0.36,24.18,11.49,18.16,6.96,2.87,16.47,82.95,73.88,44.29,99.19,106.36,147.13,204.55,204.86,114.35,101.81,91.36,99.12,123.43,151.79,152.85,132.91,149.81,151.36
europe-west2,159.56,211.90,202.64,234.89,241.95,261.51,152.31,166.69,168.95,182.67,194.76,269.84,332.45,30.19,39.75,33.74,24.48,6.34,17.29,24.18,0.67,12.21,9.26,17.47,20.94,8.22,98.04,88.37,57.36,77.58,85.13,129.08,189.04,189.22,95.76,86.11,75.23,81.75,107.17,132.77,136.12,114.11,134.11,135.11
europe-west3,168.42,199.28,204.32,251.35,255.76,236.18,138.05,159.86,157.17,171.13,183.27,308.58,320.15,19.96,43.70,28.03,24.91,8.27,11.43,11.49,12.18,0.48,11.22,6.11,9.61,9.87,94.73,83.88,53.92,88.23,95.35,143.73,206.79,228.61,114.64,100.90,92.64,98.11,124.91,149.27,149.66,130.81,154.93,152.36
europe-west4,167.93,209.87,201.52,248.53,254.36,242.13,147.91,169.15,164.91,178.38,190.18,315.64,327.86,18.97,32.03,27.21,26.26,7.81,9.87,18.14,9.24,11.83,1.56,12.92,16.41,11.52,97.07,90.30,60.12,87.73,92.38,141.77,207.16,255.24,108.71,98.63,90.61,94.20,123.98,149.80,148.40,121.48,155.06,151.73
europe-west6,164.49,204.25,195.37,253.63,261.15,239.87,133.49,154.77,162.34,175.94,188.50,313.54,325.56,24.53,36.79,31.69,25.14,12.95,15.22,6.96,17.47,6.09,12.95,0.49,5.14,15.13,86.90,78.86,49.35,92.72,100.47,148.55,205.96,206.30,116.48,103.45,93.21,100.73,124.68,153.20,154.56,134.31,151.50,153.03
europe-west8,160.49,208.28,198.82,257.43,264.36,243.54,129.39,150.23,166.06,179.74,191.85,316.78,328.94,28.62,43.96,38.36,21.29,16.30,21.84,2.94,20.94,9.66,16.43,5.14,0.56,18.53,84.34,74.70,45.13,96.40,103.73,152.44,209.66,209.80,119.88,106.84,97.89,104.41,128.64,158.18,157.94,138.03,155.06,156.57
europe-west9,158.33,208.67,199.38,238.31,246.26,265.39,137.63,159.10,166.30,179.88,192.59,317.42,328.50,28.14,46.66,33.23,16.58,5.04,16.92,16.46,8.22,9.88,11.38,15.13,18.56,0.66,87.75,79.52,49.61,83.75,90.90,132.66,190.12,190.52,101.17,87.52,77.91,84.97,108.90,139.38,138.94,119.36,135.60,137.25
me-central1,113.28,141.66,128.14,173.60,179.90,175.00,42.73,64.45,101.23,114.19,127.07,248.32,260.17,109.82,127.48,117.83,91.36,91.23,101.66,82.91,97.97,94.74,97.03,86.77,84.35,88.14,0.48,10.08,70.44,170.87,178.19,220.15,279.77,281.83,187.18,177.32,164.14,170.64,198.18,224.14,226.84,209.94,224.01,225.39
me-central2,113.55,143.33,130.19,175.43,181.74,177.05,45.11,66.43,102.87,116.82,129.20,250.08,262.00,102.15,118.12,109.76,82.83,84.59,93.93,73.80,88.57,84.15,90.21,78.83,74.78,79.44,10.06,0.75,57.40,163.28,168.98,217.48,267.40,273.14,181.89,167.21,154.90,162.63,191.18,215.96,216.95,196.34,214.94,216.35
me-west1,144.94,222.76,210.09,254.62,260.27,256.26,124.09,146.40,180.43,193.43,208.37,329.09,342.75,72.23,89.28,79.63,53.12,56.50,63.17,44.28,57.40,53.93,60.19,49.35,45.11,49.59,70.03,56.98,0.62,132.14,139.40,180.38,237.82,238.13,149.13,135.78,126.69,132.56,156.32,185.56,186.37,166.20,183.21,184.76
northamerica-northeast1,222.03,195.15,236.31,170.17,176.18,195.61,220.11,242.42,236.99,243.33,258.32,202.59,216.68,105.51,116.82,111.96,80.80,85.84,92.92,99.20,77.58,88.22,88.05,92.71,96.39,83.75,170.84,163.60,132.14,0.62,7.93,63.51,127.77,142.14,31.20,24.98,14.65,20.87,44.35,66.99,70.39,48.25,74.94,72.66
northamerica-northeast2,229.15,189.14,205.47,162.27,169.26,188.67,227.50,248.24,226.25,237.38,251.26,196.66,208.89,112.79,122.69,118.99,87.89,89.65,100.06,106.33,85.19,95.43,92.44,100.34,103.76,90.91,178.14,168.94,139.38,7.87,0.57,56.39,134.81,135.46,25.24,32.25,21.63,21.30,33.89,60.49,63.21,41.32,61.28,62.25
northamerica-south1,273.29,167.66,184.78,142.07,146.89,167.43,261.47,267.53,206.38,216.05,231.04,244.79,258.57,156.72,158.19,154.90,132.06,136.80,144.85,147.11,129.04,143.69,141.75,148.50,152.42,132.65,220.72,217.60,180.51,63.52,56.39,0.74,157.78,148.07,39.69,52.93,57.07,52.69,26.41,61.03,42.21,47.72,49.38,42.5
southamerica-east1,333.20,293.72,348.21,262.69,262.77,282.28,328.48,347.33,333.05,329.11,344.58,326.57,372.51,212.77,226.75,212.92,192.59,199.71,202.16,204.50,189.00,206.92,207.24,205.92,209.68,190.12,280.01,267.41,238.07,127.77,134.79,157.81,0.69,49.32,141.90,114.92,120.35,125.02,147.36,175.80,158.63,156.71,165.88,162.12
southamerica-west1,333.17,259.53,285.28,210.75,212.36,231.86,324.32,333.23,276.70,279.45,294.55,300.95,321.94,213.71,278.31,211.81,192.09,236.71,202.71,204.77,189.30,228.18,254.82,206.25,209.80,190.58,281.89,273.04,238.22,142.53,135.41,148.03,49.36,0.46,163.34,145.30,138.95,154.48,164.42,135.02,106.44,130.62,114.09,110.37
us-central1,240.23,165.88,201.86,139.54,149.79,169.01,237.90,262.54,214.15,221.31,212.93,194.99,189.88,123.99,131.79,122.14,98.60,106.22,111.94,114.34,95.67,114.87,109.79,116.49,119.88,101.21,187.19,181.44,149.05,31.10,25.06,39.68,142.13,163.12,1.65,33.60,24.65,18.50,17.81,38.99,46.72,20.12,49.63,36.5
us-east1,230.95,186.59,225.37,158.15,165.20,185.47,223.20,245.97,227.10,235.98,247.33,223.41,276.19,110.72,114.46,109.45,88.94,91.33,99.39,101.81,86.04,101.47,98.57,103.55,106.81,87.56,177.30,167.17,135.80,25.05,32.23,52.92,115.01,145.21,33.64,0.47,12.05,20.25,32.57,66.98,58.80,52.48,64.41,56.8
us-east4,219.17,184.63,230.43,163.13,169.20,188.62,211.89,234.04,227.77,238.30,251.37,223.85,211.56,100.05,106.40,98.73,78.46,81.28,88.81,91.36,75.23,91.63,89.94,93.44,98.18,77.80,164.14,154.74,126.65,14.66,21.65,57.06,120.21,139.16,24.72,12.00,0.59,9.77,36.34,63.50,63.13,42.85,65.39,59.6
us-east5,226.20,180.33,227.12,157.07,165.75,184.97,220.25,241.98,223.94,238.48,247.59,215.03,206.37,108.43,113.83,106.86,84.72,90.06,96.70,99.13,81.76,98.19,94.18,100.70,104.40,85.27,170.49,162.65,132.54,20.84,21.29,52.71,125.08,153.77,18.78,20.16,10.62,0.61,35.12,55.62,60.02,37.68,60.72,52.4
us-south1,251.24,160.87,191.80,134.98,137.42,156.63,246.91,258.62,195.75,203.97,218.68,209.52,246.57,131.91,142.97,130.62,109.68,116.05,121.05,123.49,107.13,124.94,124.01,124.68,128.69,108.88,198.25,190.86,156.27,44.33,33.88,26.40,147.42,164.97,17.85,32.53,36.43,35.08,3.16,47.33,31.08,25.33,29.79,26.8
us-west1,277.43,134.16,184.41,106.43,102.13,118.17,216.72,225.11,182.19,172.77,177.11,175.31,149.30,161.68,169.84,159.69,136.04,142.47,149.30,151.75,132.71,149.50,149.75,153.18,157.87,139.39,224.22,215.64,185.58,66.98,60.47,60.98,175.88,135.06,38.53,68.41,62.99,55.63,47.34,0.28,24.53,33.61,25.31,25.5
us-west2,280.13,127.03,143.16,100.24,107.22,126.71,225.69,230.03,166.72,174.88,189.36,204.92,216.56,162.86,165.08,160.92,138.86,143.44,150.93,152.87,136.13,149.71,148.41,154.61,158.12,138.90,226.95,216.97,186.33,70.44,63.24,41.98,158.60,106.49,46.83,58.78,62.95,60.10,31.07,24.48,0.50,25.33,6.75,8.5
us-west3,258.30,151.32,167.35,124.49,131.65,150.95,244.52,252.86,188.71,198.60,213.81,228.64,240.95,142.01,144.15,140.58,117.09,122.08,130.38,132.90,114.08,130.88,121.42,134.31,138.00,119.38,209.95,196.23,166.22,48.25,41.33,47.71,156.70,130.61,20.05,52.46,42.84,37.69,25.33,33.59,25.33,0.46,9.03,14.2
us-west4,278.16,133.08,169.56,109.14,113.18,132.34,224.91,234.95,169.30,181.21,194.82,175.94,222.05,159.54,170.90,157.92,136.92,147.55,147.42,149.85,134.10,155.01,155.05,151.46,155.02,135.60,223.83,214.87,183.19,74.89,61.27,49.35,165.64,114.25,47.01,64.92,65.75,60.86,29.46,26.29,6.76,9.03,0.45,7.2
us-west8,259.94,130.05,156.36,104.69,110.2,129.52,225.3,232.49,168.01,178.04,192.09,190.43,219.3,149.9,168.0,159.42,137.89,145.49,149.17,151.36,135.11,152.36,151.73,153.03,156.57,137.25,225.39,216.35,184.76,72.66,62.25,42.5,162.12,110.37,36.5,56.8,59.6,52.4,26.8,25.5,8.5,14.2,7.2,0.45
