sending_region,receiving_region,latency
us-west4,us-east4,59.288
us-west4,asia-southeast2,178.558
us-west4,asia-east2,144.467
us-west4,asia-northeast3,132.054
us-west4,asia-southeast1,165.104
us-west4,europe-central2,157.111
us-west4,europe-west8,155.492
us-west4,asia-northeast2,112.711
us-west4,europe-west9,137.779
us-west4,asia-south1,223.5
us-west4,europe-southwest1,136.435
us-west4,asia-south2,232.802
us-west4,australia-southeast1,143.145
us-west4,us-east1,55.345
us-west4,europe-west12,154.49
us-west4,australia-southeast2,154.571
us-west4,europe-west10,146.983
us-west4,europe-west2,132.831
us-west4,me-central1,250.668
us-west4,northamerica-northeast2,60.673
us-west4,us-west2,6.681
us-west4,europe-west3,145.869
us-west4,asia-northeast1,104.706
us-west4,europe-west6,150.411
us-west4,us-east5,58.146
us-west4,asia-east1,132.336
us-west4,northamerica-northeast1,67.47
us-west4,me-west1,185.345
us-west4,us-central1,42.665
us-west4,us-west1,30.142
us-west4,europe-west4,145.338
us-west4,europe-west1,138.796
us-west4,europe-north1,162.582
us-west4,us-west3,8.466
us-west4,southamerica-east1,162.075
us-west4,us-west4,4
us-west3,asia-south1,232.721
us-west3,asia-northeast3,139.967
us-west3,us-west2,15.114
us-west3,southamerica-east1,156.748
us-west3,northamerica-northeast1,48.607
us-west3,europe-central2,138.471
us-west3,europe-west6,133.169
us-west3,europe-west8,136.631
us-west3,europe-west12,135.35
us-west3,europe-west9,119.171
us-west3,europe-west1,122.262
us-west3,northamerica-northeast2,40.99
us-west3,me-central1,232.566
us-west3,us-east5,38.407
us-west3,us-central1,18.661
us-west3,asia-south2,237.632
us-west3,europe-west3,128.625
us-west3,me-west1,168.051
us-west3,europe-west4,120.873
us-west3,us-east1,51.527
us-west3,asia-east1,140.715
us-west3,asia-east2,152.893
us-west3,asia-northeast2,120.909
us-west3,asia-southeast2,186.979
us-west3,us-west1,29.194
us-west3,us-east4,42.948
us-west3,asia-southeast1,173.34
us-west3,europe-west10,130.019
us-west3,europe-north1,143.825
us-west3,europe-west2,112.819
us-west3,australia-southeast2,163.246
us-west3,australia-southeast1,151.879
us-west3,us-west4,8.485
us-west3,europe-southwest1,116.687
us-west3,asia-northeast1,112.555
us-west3,us-west3,4
us-west2,europe-west1,143.103
us-west2,us-west3,15.112
us-west2,europe-west2,135.619
us-west2,me-west1,189.649
us-west2,asia-southeast2,172.438
us-west2,asia-east2,138.91
us-west2,asia-southeast1,159.055
us-west2,europe-central2,160.856
us-west2,europe-west12,159.475
us-west2,europe-west10,152.713
us-west2,europe-north1,168.33
us-west2,europe-west6,155.448
us-west2,me-central1,255.015
us-west2,us-west1,24.578
us-west2,asia-northeast3,126.676
us-west2,asia-northeast1,99.395
us-west2,asia-south2,225.99
us-west2,asia-east1,126.887
us-west2,asia-south1,218.716
us-west2,australia-southeast1,137.759
us-west2,southamerica-east1,157.148
us-west2,us-west4,6.677
us-west2,asia-northeast2,107.159
us-west2,europe-west3,150.146
us-west2,europe-west9,141.325
us-west2,europe-southwest1,143.035
us-west2,europe-west4,149.422
us-west2,europe-west8,159.642
us-west2,northamerica-northeast2,63.016
us-west2,us-central1,47.215
us-west2,us-east4,63.538
us-west2,us-east1,59.662
us-west2,us-east5,60.785
us-west2,northamerica-northeast1,70.656
us-west2,australia-southeast2,149.259
us-west2,us-west2,4
us-west1,australia-southeast1,136.535
us-west1,asia-northeast1,87.595
us-west1,europe-west4,133.412
us-west1,asia-south2,227.753
us-west1,asia-south1,214.843
us-west1,asia-southeast2,168.707
us-west1,europe-west2,125.927
us-west1,asia-east1,118.441
us-west1,asia-northeast3,114.846
us-west1,northamerica-northeast1,60.597
us-west1,northamerica-northeast2,53.685
us-west1,me-west1,181.106
us-west1,southamerica-east1,168.781
us-west1,us-east4,55.127
us-west1,us-west2,24.58
us-west1,me-central1,245.183
us-west1,europe-west12,147.733
us-west1,europe-west10,142.618
us-west1,asia-southeast1,155
us-west1,us-east1,64.528
us-west1,europe-west3,141.292
us-west1,europe-west9,132.624
us-west1,asia-east2,130.463
us-west1,europe-north1,156.725
us-west1,europe-west6,146.2
us-west1,europe-west1,134.664
us-west1,us-central1,31.598
us-west1,us-west3,29.183
us-west1,us-east5,51.143
us-west1,europe-southwest1,138.691
us-west1,europe-central2,151.171
us-west1,asia-northeast2,98.839
us-west1,australia-southeast2,148.104
us-west1,us-west4,30.149
us-west1,europe-west8,149.127
us-west1,us-west1,4
us-east5,northamerica-northeast1,19.898
us-east5,us-central1,20.05
us-east5,northamerica-northeast2,22.117
us-east5,us-east4,8.443
us-east5,asia-east2,181.581
us-east5,europe-west2,80.268
us-east5,europe-west10,96.031
us-east5,asia-southeast1,206.036
us-east5,europe-west1,87.953
us-east5,asia-southeast2,219.732
us-east5,europe-central2,104.474
us-east5,europe-west3,94.775
us-east5,europe-southwest1,84.312
us-east5,us-west3,38.349
us-east5,australia-southeast1,187.611
us-east5,asia-northeast3,165.789
us-east5,australia-southeast2,199.124
us-east5,us-east1,19.192
us-east5,southamerica-east1,122.086
us-east5,asia-south2,234.926
us-east5,europe-west12,101.298
us-east5,europe-west4,87.964
us-east5,asia-east1,169.469
us-east5,us-west4,58.155
us-east5,us-west1,51.136
us-east5,europe-north1,109.941
us-east5,europe-west9,85.815
us-east5,europe-west6,99.707
us-east5,me-central1,198.176
us-east5,asia-northeast2,151.999
us-east5,asia-south1,219.947
us-east5,us-west2,60.609
us-east5,me-west1,134.395
us-east5,europe-west8,102.695
us-east5,asia-northeast1,138.513
us-east5,us-east5,4
us-east4,australia-southeast2,202.934
us-east4,me-west1,125.504
us-east4,us-east5,8.435
us-east4,us-west4,59.288
us-east4,asia-southeast2,224.143
us-east4,europe-west8,94.688
us-east4,europe-central2,96.573
us-east4,europe-west9,78.35
us-east4,asia-east1,173.268
us-east4,asia-northeast2,155.996
us-east4,europe-southwest1,84.677
us-east4,europe-west4,86.704
us-east4,europe-north1,102.31
us-east4,europe-west2,74.197
us-east4,northamerica-northeast2,20.981
us-east4,australia-southeast1,191.658
us-east4,us-east1,11.335
us-east4,us-west1,55.127
us-east4,asia-southeast1,210.368
us-east4,asia-east2,185.28
us-east4,asia-northeast3,169.603
us-east4,asia-south1,208.393
us-east4,asia-northeast1,142.381
us-east4,europe-west6,91.853
us-east4,europe-west1,80.108
us-east4,us-west2,63.556
us-east4,us-west3,42.94
us-east4,europe-west12,93.27
us-east4,asia-south2,228.439
us-east4,me-central1,189.743
us-east4,europe-west10,88.08
us-east4,us-central1,23.886
us-east4,europe-west3,87.024
us-east4,northamerica-northeast1,14.017
us-east4,southamerica-east1,114.272
us-east4,us-east4,4
us-east1,me-west1,136.158
us-east1,europe-west10,98.766
us-east1,asia-southeast2,230.877
us-east1,europe-west3,97.813
us-east1,asia-northeast2,165.776
us-east1,us-central1,31.434
us-east1,asia-south2,240.217
us-east1,asia-northeast3,186.635
us-east1,europe-north1,117.784
us-east1,europe-west4,97.443
us-east1,europe-southwest1,96.144
us-east1,europe-west8,105.459
us-east1,asia-northeast1,159.9
us-east1,us-west4,55.35
us-east1,europe-central2,107.347
us-east1,us-east4,11.295
us-east1,australia-southeast1,196.641
us-east1,northamerica-northeast2,31.722
us-east1,us-west1,64.54
us-east1,us-west3,51.57
us-east1,us-east5,19.198
us-east1,europe-west6,102.586
us-east1,europe-west2,85.181
us-east1,europe-west12,103.974
us-east1,asia-east1,186.599
us-east1,asia-east2,199.345
us-east1,us-west2,59.669
us-east1,asia-southeast1,222.153
us-east1,europe-west1,90.838
us-east1,southamerica-east1,116.912
us-east1,asia-south1,220.729
us-east1,northamerica-northeast1,24.461
us-east1,australia-southeast2,207.521
us-east1,me-central1,200.565
us-east1,europe-west9,88.642
us-east1,us-east1,4
us-central1,us-east1,31.221
us-central1,us-east5,20.017
us-central1,asia-south1,234.034
us-central1,asia-east2,161.792
us-central1,asia-southeast1,204.469
us-central1,asia-northeast1,145.366
us-central1,europe-west12,116.691
us-central1,europe-west3,109.842
us-central1,us-west3,18.661
us-central1,southamerica-east1,137.523
us-central1,asia-east1,149.758
us-central1,asia-south2,259.461
us-central1,europe-central2,119.863
us-central1,australia-southeast2,179.444
us-central1,europe-north1,125.552
us-central1,northamerica-northeast2,22.439
us-central1,northamerica-northeast1,29.072
us-central1,europe-west9,100.741
us-central1,asia-southeast2,219.063
us-central1,asia-northeast2,153.118
us-central1,europe-west8,117.923
us-central1,europe-west4,102.236
us-central1,asia-northeast3,172.591
us-central1,europe-west2,94.608
us-central1,europe-west6,114.947
us-central1,europe-west1,103.361
us-central1,us-west1,31.601
us-central1,us-west2,47.239
us-central1,australia-southeast1,167.869
us-central1,us-west4,42.672
us-central1,me-central1,214.034
us-central1,us-east4,23.885
us-central1,europe-southwest1,107.172
us-central1,europe-west10,111.374
us-central1,me-west1,149.377
us-central1,us-central1,4
southamerica-east1,asia-southeast1,312.327
southamerica-east1,europe-west4,200.301
southamerica-east1,europe-west8,208.408
southamerica-east1,asia-east1,282.444
southamerica-east1,europe-west3,200.69
southamerica-east1,us-west3,156.74
southamerica-east1,me-west1,238.52
southamerica-east1,us-west1,168.786
southamerica-east1,northamerica-northeast1,127.611
southamerica-east1,us-central1,137.524
southamerica-east1,europe-north1,215.921
southamerica-east1,asia-east2,297.158
southamerica-east1,europe-central2,210.266
southamerica-east1,northamerica-northeast2,134.399
southamerica-east1,asia-northeast2,263.376
southamerica-east1,europe-west6,205.327
southamerica-east1,us-west2,156.652
southamerica-east1,us-east5,122.089
southamerica-east1,asia-south2,346.755
southamerica-east1,asia-south1,322.872
southamerica-east1,australia-southeast1,293.35
southamerica-east1,europe-west12,206.843
southamerica-east1,us-east1,116.858
southamerica-east1,me-central1,304.076
southamerica-east1,europe-southwest1,191.608
southamerica-east1,europe-west10,201.722
southamerica-east1,europe-west2,187.964
southamerica-east1,asia-northeast3,280.759
southamerica-east1,europe-west9,191.744
southamerica-east1,asia-northeast1,253.131
southamerica-east1,asia-southeast2,329.58
southamerica-east1,europe-west1,193.704
southamerica-east1,australia-southeast2,306.752
southamerica-east1,us-east4,114.285
southamerica-east1,us-west4,162.076
southamerica-east1,southamerica-east1,4
northamerica-northeast2,asia-northeast1,140.943
northamerica-northeast2,europe-west2,83.225
northamerica-northeast2,europe-west1,89.237
northamerica-northeast2,europe-southwest1,95.787
northamerica-northeast2,us-east5,22.133
northamerica-northeast2,asia-east1,171.831
northamerica-northeast2,us-west3,40.985
northamerica-northeast2,us-east4,20.98
northamerica-northeast2,europe-west4,91.185
northamerica-northeast2,us-west1,53.698
northamerica-northeast2,europe-west8,107.235
northamerica-northeast2,australia-southeast1,190.083
northamerica-northeast2,australia-southeast2,201.771
northamerica-northeast2,asia-southeast1,208.759
northamerica-northeast2,europe-west9,89.611
northamerica-northeast2,europe-west10,99.094
northamerica-northeast2,me-west1,138.929
northamerica-northeast2,europe-central2,108.336
northamerica-northeast2,us-east1,31.854
northamerica-northeast2,southamerica-east1,134.456
northamerica-northeast2,us-central1,22.426
northamerica-northeast2,us-west4,60.674
northamerica-northeast2,asia-southeast2,223.441
northamerica-northeast2,asia-east2,183.605
northamerica-northeast2,europe-north1,121.152
northamerica-northeast2,us-west2,63.008
northamerica-northeast2,europe-west6,99.439
northamerica-northeast2,europe-west3,94.232
northamerica-northeast2,asia-northeast3,168.23
northamerica-northeast2,europe-west12,105.747
northamerica-northeast2,northamerica-northeast1,7.506
northamerica-northeast2,asia-south1,224.616
northamerica-northeast2,asia-south2,241.572
northamerica-northeast2,asia-northeast2,152.296
northamerica-northeast2,me-central1,204.125
northamerica-northeast2,northamerica-northeast2,4
northamerica-northeast1,europe-west1,81.771
northamerica-northeast1,me-central1,195.936
northamerica-northeast1,europe-central2,100.928
northamerica-northeast1,us-east5,19.804
northamerica-northeast1,us-west3,48.615
northamerica-northeast1,asia-northeast1,147.664
northamerica-northeast1,asia-east2,191.081
northamerica-northeast1,asia-northeast2,161.347
northamerica-northeast1,asia-east1,178.296
northamerica-northeast1,us-west1,60.607
northamerica-northeast1,australia-southeast1,197.578
northamerica-northeast1,southamerica-east1,127.664
northamerica-northeast1,asia-south2,236.931
northamerica-northeast1,europe-west2,76.827
northamerica-northeast1,europe-north1,114.577
northamerica-northeast1,europe-southwest1,80.103
northamerica-northeast1,us-central1,29.089
northamerica-northeast1,europe-west10,92.304
northamerica-northeast1,asia-southeast1,215.286
northamerica-northeast1,europe-west8,99.692
northamerica-northeast1,europe-west12,98.905
northamerica-northeast1,asia-southeast2,228.993
northamerica-northeast1,europe-west9,82.517
northamerica-northeast1,asia-northeast3,175.325
northamerica-northeast1,us-west4,67.465
northamerica-northeast1,australia-southeast2,209.089
northamerica-northeast1,asia-south1,216.693
northamerica-northeast1,europe-west6,92.453
northamerica-northeast1,europe-west4,84.563
northamerica-northeast1,europe-west3,87.235
northamerica-northeast1,us-west2,70.649
northamerica-northeast1,northamerica-northeast2,7.504
northamerica-northeast1,us-east1,24.517
northamerica-northeast1,us-east4,14.249
northamerica-northeast1,me-west1,131.626
northamerica-northeast1,northamerica-northeast1,4
me-west1,europe-west12,44.085
me-west1,us-east4,125.451
me-west1,us-east1,136.17
me-west1,asia-south2,116.043
me-west1,europe-southwest1,52.385
me-west1,europe-west4,58.833
me-west1,europe-west9,49.366
me-west1,australia-southeast1,241.55
me-west1,us-west2,189.65
me-west1,southamerica-east1,238.516
me-west1,me-central1,82.564
me-west1,us-west1,181.109
me-west1,europe-west6,49.06
me-west1,asia-southeast2,164.592
me-west1,europe-west1,52.385
me-west1,northamerica-northeast2,138.927
me-west1,us-west3,168.061
me-west1,europe-west3,53.379
me-west1,asia-south1,90.556
me-west1,europe-central2,72.084
me-west1,europe-west8,44.561
me-west1,europe-west10,62.823
me-west1,europe-west2,56.689
me-west1,asia-northeast2,228.875
me-west1,asia-east2,190.498
me-west1,us-west4,185.377
me-west1,asia-east1,198.392
me-west1,us-east5,134.407
me-west1,europe-north1,81.542
me-west1,australia-southeast2,233.586
me-west1,asia-southeast1,149.252
me-west1,northamerica-northeast1,131.63
me-west1,asia-northeast1,221.519
me-west1,asia-northeast3,229.339
me-west1,us-central1,149.36
me-west1,me-west1,4
me-central1,northamerica-northeast1,195.934
me-central1,europe-central2,136.582
me-central1,australia-southeast1,196.824
me-central1,asia-east2,134.921
me-central1,europe-west9,113.885
me-central1,australia-southeast2,185.112
me-central1,asia-east1,147.795
me-central1,me-west1,83.11
me-central1,us-west2,255.005
me-central1,us-west3,232.561
me-central1,us-west1,245.186
me-central1,europe-west1,116.721
me-central1,europe-north1,146.313
me-central1,europe-west12,108.073
me-central1,us-west4,250.504
me-central1,asia-southeast1,103.567
me-central1,europe-west6,112.986
me-central1,asia-southeast2,117.282
me-central1,europe-west3,118.094
me-central1,southamerica-east1,304.078
me-central1,asia-south1,41.063
me-central1,europe-west4,123.73
me-central1,us-east5,197.847
me-central1,us-east4,189.736
me-central1,us-central1,214.016
me-central1,asia-northeast3,176.236
me-central1,asia-northeast1,174.6
me-central1,asia-south2,62.947
me-central1,europe-west8,109.128
me-central1,europe-west2,121.075
me-central1,europe-west10,127.257
me-central1,europe-southwest1,116.538
me-central1,us-east1,200.255
me-central1,northamerica-northeast2,204.122
me-central1,asia-northeast2,179.629
me-central1,me-central1,4
europe-west9,asia-northeast3,235.99
europe-west9,me-west1,49.377
europe-west9,me-central1,113.896
europe-west9,europe-southwest1,16.12
europe-west9,europe-north1,35.118
europe-west9,europe-west1,4.44
europe-west9,asia-east2,200.699
europe-west9,asia-northeast1,219.759
europe-west9,asia-south2,152.674
europe-west9,asia-south1,131.504
europe-west9,us-east4,78.27
europe-west9,asia-northeast2,230.375
europe-west9,us-west4,137.77
europe-west9,us-west3,119.17
europe-west9,asia-southeast1,164.151
europe-west9,asia-east1,210.508
europe-west9,europe-west3,9.467
europe-west9,australia-southeast2,249.664
europe-west9,northamerica-northeast2,89.608
europe-west9,us-central1,100.749
europe-west9,europe-west10,16.255
europe-west9,us-west1,132.924
europe-west9,us-west2,141.343
europe-west9,northamerica-northeast1,82.516
europe-west9,us-east5,85.713
europe-west9,asia-southeast2,178.777
europe-west9,europe-west8,18.393
europe-west9,australia-southeast1,268.405
europe-west9,europe-west4,11.035
europe-west9,europe-west2,7.359
europe-west9,europe-west12,16.401
europe-west9,europe-central2,24.797
europe-west9,southamerica-east1,191.664
europe-west9,us-east1,88.653
europe-west9,europe-west6,14.491
europe-west9,europe-west9,4
europe-west8,southamerica-east1,208.372
europe-west8,europe-southwest1,20.872
europe-west8,europe-west3,9.736
europe-west8,asia-northeast3,239.221
europe-west8,asia-east1,211.133
europe-west8,asia-northeast1,236.455
europe-west8,asia-east2,199.947
europe-west8,asia-northeast2,242.578
europe-west8,us-east4,94.686
europe-west8,asia-south2,149.591
europe-west8,us-west4,155.488
europe-west8,us-west3,136.642
europe-west8,us-east1,105.521
europe-west8,australia-southeast1,258.882
europe-west8,northamerica-northeast2,107.262
europe-west8,europe-west4,15.922
europe-west8,australia-southeast2,248.016
europe-west8,asia-southeast1,165.511
europe-west8,asia-south1,128.526
europe-west8,europe-west1,16.327
europe-west8,europe-central2,29.956
europe-west8,europe-west10,21.366
europe-west8,us-central1,117.92
europe-west8,us-west2,159.653
europe-west8,northamerica-northeast1,99.695
europe-west8,me-west1,44.508
europe-west8,europe-west9,18.403
europe-west8,asia-southeast2,179.698
europe-west8,us-west1,149.132
europe-west8,us-east5,102.7
europe-west8,me-central1,109.146
europe-west8,europe-west2,21.235
europe-west8,europe-north1,40.238
europe-west8,europe-west12,4.156
europe-west8,europe-west6,4.759
europe-west8,europe-west8,4
europe-west6,europe-southwest1,24.334
europe-west6,europe-west2,17.359
europe-west6,asia-northeast1,233.805
europe-west6,asia-southeast1,161.963
europe-west6,asia-northeast3,236.118
europe-west6,us-west3,133.155
europe-west6,asia-southeast2,175.138
europe-west6,australia-southeast1,254.066
europe-west6,us-west2,155.46
europe-west6,me-west1,49.054
europe-west6,asia-northeast2,239.722
europe-west6,asia-east1,207.701
europe-west6,asia-east2,194.656
europe-west6,southamerica-east1,205.326
europe-west6,europe-west12,7.991
europe-west6,europe-west1,12.193
europe-west6,me-central1,112.961
europe-west6,europe-north1,33.315
europe-west6,us-east1,102.548
europe-west6,us-west1,146.143
europe-west6,us-east4,91.758
europe-west6,us-central1,114.937
europe-west6,us-west4,150.525
europe-west6,europe-west3,5.539
europe-west6,northamerica-northeast2,99.43
europe-west6,us-east5,99.69
europe-west6,europe-west4,11.932
europe-west6,europe-central2,23.136
europe-west6,northamerica-northeast1,92.46
europe-west6,asia-south1,128.436
europe-west6,europe-west10,14.658
europe-west6,asia-south2,151.663
europe-west6,australia-southeast2,244.578
europe-west6,europe-west8,4.748
europe-west6,europe-west9,14.489
europe-west6,europe-west6,4
europe-west4,southamerica-east1,200.285
europe-west4,me-west1,58.823
europe-west4,europe-west3,7.089
europe-west4,us-west1,133.41
europe-west4,europe-west1,6.946
europe-west4,europe-north1,30.37
europe-west4,europe-west2,9.339
europe-west4,asia-south2,161.354
europe-west4,asia-northeast2,234.251
europe-west4,asia-south1,141.686
europe-west4,us-east1,97.439
europe-west4,us-east4,86.716
europe-west4,asia-east2,197.819
europe-west4,northamerica-northeast2,91.155
europe-west4,europe-west10,8.674
europe-west4,europe-west12,19.182
europe-west4,europe-west8,15.935
europe-west4,europe-central2,17.22
europe-west4,asia-northeast3,234.344
europe-west4,australia-southeast1,255.046
europe-west4,australia-southeast2,247.295
europe-west4,us-west3,120.786
europe-west4,europe-southwest1,25.929
europe-west4,asia-northeast1,220.626
europe-west4,us-east5,87.953
europe-west4,us-central1,102.236
europe-west4,us-west2,149.426
europe-west4,me-central1,124.012
europe-west4,europe-west6,11.917
europe-west4,europe-west9,11.033
europe-west4,asia-east1,210.175
europe-west4,us-west4,145.325
europe-west4,northamerica-northeast1,84.592
europe-west4,asia-southeast1,161.927
europe-west4,asia-southeast2,176.676
europe-west4,europe-west4,4
europe-west3,southamerica-east1,200.668
europe-west3,us-east1,97.765
europe-west3,europe-west4,7.095
europe-west3,europe-west8,9.734
europe-west3,asia-northeast3,228.319
europe-west3,asia-east1,202.138
europe-west3,asia-south1,138.037
europe-west3,asia-east2,192.34
europe-west3,asia-southeast1,154.988
europe-west3,asia-south2,162.023
europe-west3,asia-northeast1,228.478
europe-west3,asia-northeast2,234.232
europe-west3,us-east5,94.716
europe-west3,australia-southeast2,240.808
europe-west3,us-central1,109.852
europe-west3,europe-west9,9.484
europe-west3,europe-north1,29.875
europe-west3,europe-west1,7.407
europe-west3,us-west3,128.626
europe-west3,europe-southwest1,24.54
europe-west3,us-west1,141.374
europe-west3,us-west2,150.152
europe-west3,asia-southeast2,169.229
europe-west3,us-west4,145.863
europe-west3,me-west1,53.384
europe-west3,europe-west6,5.566
europe-west3,northamerica-northeast2,94.113
europe-west3,me-central1,118.109
europe-west3,europe-west10,11.165
europe-west3,northamerica-northeast1,87.35
europe-west3,europe-west2,12.102
europe-west3,us-east4,87.026
europe-west3,europe-west12,12.805
europe-west3,australia-southeast1,249.127
europe-west3,europe-central2,19.62
europe-west3,europe-west3,4
europe-west2,northamerica-northeast2,83.217
europe-west2,us-west2,135.726
europe-west2,europe-southwest1,23.414
europe-west2,europe-west6,17.343
europe-west2,europe-west12,23.745
europe-west2,europe-west4,9.333
europe-west2,asia-south2,161.174
europe-west2,asia-east1,217.44
europe-west2,asia-southeast1,167.443
europe-west2,asia-southeast2,181.339
europe-west2,asia-northeast3,238.64
europe-west2,asia-northeast2,227.011
europe-west2,us-east5,80.266
europe-west2,us-west1,125.824
europe-west2,asia-south1,140.794
europe-west2,us-east4,74.24
europe-west2,australia-southeast1,261.847
europe-west2,asia-east2,204.412
europe-west2,australia-southeast2,251.164
europe-west2,northamerica-northeast1,76.806
europe-west2,europe-west1,8.111
europe-west2,europe-north1,39.148
europe-west2,us-west4,132.818
europe-west2,europe-west10,17.33
europe-west2,us-east1,85.016
europe-west2,us-central1,94.855
europe-west2,me-west1,56.677
europe-west2,us-west3,112.826
europe-west2,asia-northeast1,212.877
europe-west2,southamerica-east1,188.036
europe-west2,europe-west9,7.359
europe-west2,europe-west8,21.228
europe-west2,europe-west3,12.091
europe-west2,me-central1,121.067
europe-west2,europe-central2,25.795
europe-west2,europe-west2,4
europe-west12,me-west1,44.035
europe-west12,europe-southwest1,19.694
europe-west12,europe-west10,24.785
europe-west12,europe-west2,23.714
europe-west12,asia-northeast2,246.407
europe-west12,asia-east1,215.013
europe-west12,asia-south2,149.466
europe-west12,asia-northeast3,239.958
europe-west12,asia-southeast1,169.716
europe-west12,us-west2,159.477
europe-west12,us-west3,135.459
europe-west12,us-central1,116.676
europe-west12,europe-west4,18.892
europe-west12,asia-east2,203.761
europe-west12,asia-south1,128.068
europe-west12,us-west1,147.732
europe-west12,asia-northeast1,235.165
europe-west12,australia-southeast2,253.207
europe-west12,us-west4,154.205
europe-west12,me-central1,108.042
europe-west12,europe-central2,31.752
europe-west12,europe-west6,7.98
europe-west12,europe-west1,19.401
europe-west12,australia-southeast1,260.817
europe-west12,us-east5,101.297
europe-west12,asia-southeast2,181.162
europe-west12,us-east1,104.008
europe-west12,northamerica-northeast1,98.9
europe-west12,us-east4,93.282
europe-west12,southamerica-east1,206.861
europe-west12,europe-north1,43.24
europe-west12,europe-west9,16.416
europe-west12,northamerica-northeast2,105.752
europe-west12,europe-west3,12.81
europe-west12,europe-west8,4.334
europe-west12,europe-west12,4
europe-west10,us-east1,98.86
europe-west10,australia-southeast2,251.057
europe-west10,europe-southwest1,30.958
europe-west10,europe-north1,19.543
europe-west10,europe-west12,24.805
europe-west10,asia-northeast3,237.615
europe-west10,asia-southeast2,180.544
europe-west10,asia-south2,165.607
europe-west10,asia-northeast1,230.089
europe-west10,asia-south1,154.881
europe-west10,asia-northeast2,243.47
europe-west10,asia-southeast1,168.025
europe-west10,us-east5,96.009
europe-west10,us-west2,152.715
europe-west10,australia-southeast1,261.127
europe-west10,europe-west4,8.658
europe-west10,europe-west1,12.185
europe-west10,us-west1,142.642
europe-west10,us-west4,146.994
europe-west10,northamerica-northeast2,99.098
europe-west10,europe-west2,17.339
europe-west10,northamerica-northeast1,92.303
europe-west10,europe-central2,9.332
europe-west10,europe-west9,16.239
europe-west10,europe-west8,21.262
europe-west10,asia-east2,202.647
europe-west10,me-west1,62.813
europe-west10,us-west3,130.012
europe-west10,southamerica-east1,201.719
europe-west10,europe-west3,11.15
europe-west10,europe-west6,14.657
europe-west10,us-east4,88.085
europe-west10,me-central1,127.271
europe-west10,asia-east1,213.06
europe-west10,us-central1,111.37
europe-west10,europe-west10,4
europe-west1,asia-southeast2,178.166
europe-west1,northamerica-northeast1,81.754
europe-west1,northamerica-northeast2,88.94
europe-west1,us-west2,143.103
europe-west1,europe-west4,6.947
europe-west1,europe-west9,4.448
europe-west1,asia-east2,198.249
europe-west1,asia-south2,155.473
europe-west1,asia-east1,208.767
europe-west1,asia-south1,137.851
europe-west1,asia-northeast3,235.518
europe-west1,asia-southeast1,164.673
europe-west1,asia-northeast2,235.447
europe-west1,us-east5,87.96
europe-west1,australia-southeast2,248.154
europe-west1,us-west3,122.262
europe-west1,europe-west10,12.193
europe-west1,europe-west3,7.306
europe-west1,me-west1,52.4
europe-west1,me-central1,116.752
europe-west1,europe-west2,8.113
europe-west1,europe-west8,16.297
europe-west1,europe-west12,19.413
europe-west1,europe-west6,12.243
europe-west1,asia-northeast1,221.913
europe-west1,us-east4,80.102
europe-west1,us-west1,134.659
europe-west1,us-central1,103.364
europe-west1,us-east1,90.827
europe-west1,australia-southeast1,255.493
europe-west1,us-west4,138.811
europe-west1,europe-north1,30.991
europe-west1,southamerica-east1,193.716
europe-west1,europe-southwest1,19.107
europe-west1,europe-central2,20.723
europe-west1,europe-west1,4
europe-southwest1,australia-southeast1,265.935
europe-southwest1,me-west1,52.371
europe-southwest1,europe-west8,20.873
europe-southwest1,europe-west10,30.912
europe-southwest1,europe-west2,23.431
europe-southwest1,europe-west6,24.349
europe-southwest1,europe-west12,19.692
europe-southwest1,northamerica-northeast2,94.385
europe-southwest1,europe-west9,16.11
europe-southwest1,asia-northeast1,216.444
europe-southwest1,asia-northeast3,243.983
europe-southwest1,asia-southeast2,193.665
europe-southwest1,asia-east2,215.562
europe-southwest1,us-east4,84.663
europe-southwest1,us-east1,96.129
europe-southwest1,us-west4,136.446
europe-southwest1,us-east5,84.286
europe-southwest1,asia-southeast1,179.602
europe-southwest1,asia-south2,158.837
europe-southwest1,asia-northeast2,230.534
europe-southwest1,northamerica-northeast1,80.091
europe-southwest1,europe-central2,39.481
europe-southwest1,europe-west3,24.552
europe-southwest1,europe-west4,25.92
europe-southwest1,asia-south1,136.963
europe-southwest1,asia-east1,225.182
europe-southwest1,us-west2,147.39
europe-southwest1,us-west1,138.663
europe-southwest1,southamerica-east1,191.748
europe-southwest1,australia-southeast2,277.222
europe-southwest1,europe-north1,50.29
europe-southwest1,me-central1,116.585
europe-southwest1,us-central1,107.166
europe-southwest1,us-west3,116.671
europe-southwest1,europe-west1,19.106
europe-southwest1,europe-southwest1,4
europe-north1,europe-west10,19.549
europe-north1,europe-west4,30.37
europe-north1,europe-west9,35.115
europe-north1,asia-east2,219.467
europe-north1,asia-northeast2,257.737
europe-north1,asia-east1,232.345
europe-north1,asia-northeast3,256.748
europe-north1,asia-southeast1,184.806
europe-north1,us-east1,119.866
europe-north1,asia-southeast2,201.289
europe-north1,us-east4,102.344
europe-north1,us-west2,168.335
europe-north1,europe-west3,29.871
europe-north1,asia-northeast1,245.032
europe-north1,asia-south2,183.393
europe-north1,australia-southeast1,293.578
europe-north1,southamerica-east1,215.97
europe-north1,northamerica-northeast1,114.563
europe-north1,us-central1,125.619
europe-north1,me-central1,146.161
europe-north1,europe-west2,39.163
europe-north1,europe-west6,33.318
europe-north1,us-west1,156.726
europe-north1,australia-southeast2,269.297
europe-north1,northamerica-northeast2,121.156
europe-north1,us-east5,110.159
europe-north1,us-west3,143.846
europe-north1,europe-central2,19.378
europe-north1,europe-southwest1,50.244
europe-north1,europe-west12,43.249
europe-north1,me-west1,81.333
europe-north1,europe-west1,31.022
europe-north1,us-west4,162.573
europe-north1,asia-south1,166.77
europe-north1,europe-west8,40.237
europe-north1,europe-north1,4
europe-central2,northamerica-northeast1,100.923
europe-central2,me-central1,136.601
europe-central2,australia-southeast2,259.594
europe-central2,asia-southeast2,189.031
europe-central2,asia-east1,222.353
europe-central2,asia-northeast1,238.442
europe-central2,asia-east2,209.79
europe-central2,asia-south1,152.334
europe-central2,us-west3,138.468
europe-central2,us-east4,96.581
europe-central2,us-west2,160.853
europe-central2,us-west4,157.127
europe-central2,us-east5,104.476
europe-central2,us-east1,107.335
europe-central2,europe-west4,17.222
europe-central2,asia-northeast2,253.212
europe-central2,us-central1,119.86
europe-central2,asia-northeast3,246.888
europe-central2,northamerica-northeast2,108.332
europe-central2,southamerica-east1,210.262
europe-central2,europe-west12,31.768
europe-central2,europe-southwest1,39.488
europe-central2,europe-west10,9.333
europe-central2,europe-west8,29.953
europe-central2,asia-southeast1,175.43
europe-central2,me-west1,72.092
europe-central2,asia-south2,177.073
europe-central2,us-west1,151.158
europe-central2,australia-southeast1,267.011
europe-central2,europe-north1,19.384
europe-central2,europe-west6,23.136
europe-central2,europe-west9,24.817
europe-central2,europe-west2,25.803
europe-central2,europe-west3,19.623
europe-central2,europe-west1,20.722
europe-central2,europe-central2,4
australia-southeast2,us-east4,202.949
australia-southeast2,europe-central2,260.029
australia-southeast2,europe-west10,250.177
australia-southeast2,me-central1,185.121
australia-southeast2,europe-west1,247.568
australia-southeast2,asia-south2,150.026
australia-southeast2,asia-east2,118.633
australia-southeast2,europe-west3,240.807
australia-southeast2,asia-southeast1,85.732
australia-southeast2,australia-southeast1,13.699
australia-southeast2,northamerica-northeast2,201.762
australia-southeast2,europe-west9,249.662
australia-southeast2,europe-west12,253.131
australia-southeast2,europe-west8,248.013
australia-southeast2,asia-south1,142.086
australia-southeast2,us-central1,179.446
australia-southeast2,us-west4,154.568
australia-southeast2,europe-west4,246.758
australia-southeast2,europe-west2,251.462
australia-southeast2,asia-southeast2,97.475
australia-southeast2,us-east5,199.133
australia-southeast2,asia-east1,127.975
australia-southeast2,asia-northeast1,117.066
australia-southeast2,europe-north1,269.303
australia-southeast2,europe-southwest1,277.217
australia-southeast2,asia-northeast3,138.509
australia-southeast2,northamerica-northeast1,209.092
australia-southeast2,us-west1,148.096
australia-southeast2,asia-northeast2,116.775
australia-southeast2,us-west3,163.258
australia-southeast2,me-west1,233.793
australia-southeast2,us-east1,207.529
australia-southeast2,europe-west6,244.573
australia-southeast2,southamerica-east1,306.752
australia-southeast2,us-west2,149.252
australia-southeast2,australia-southeast2,4
australia-southeast1,us-west1,136.539
australia-southeast1,asia-south1,152.191
australia-southeast1,europe-southwest1,266.182
australia-southeast1,me-central1,197.254
australia-southeast1,me-west1,241.549
australia-southeast1,europe-west8,258.229
australia-southeast1,europe-west10,261.291
australia-southeast1,europe-west6,254.076
australia-southeast1,us-west4,143.106
australia-southeast1,europe-west2,261.858
australia-southeast1,us-east4,191.846
australia-southeast1,us-east1,196.661
australia-southeast1,northamerica-northeast1,197.589
australia-southeast1,australia-southeast2,13.7
australia-southeast1,northamerica-northeast2,190.056
australia-southeast1,europe-west4,255.129
australia-southeast1,europe-north1,293.311
australia-southeast1,us-east5,187.602
australia-southeast1,asia-northeast3,126.829
australia-southeast1,us-west2,137.753
australia-southeast1,asia-east1,130.401
australia-southeast1,europe-west12,261.14
australia-southeast1,asia-southeast1,93.04
australia-southeast1,southamerica-east1,293.353
australia-southeast1,us-central1,167.522
australia-southeast1,europe-central2,267.13
australia-southeast1,asia-northeast1,102.749
australia-southeast1,asia-southeast2,106.59
australia-southeast1,asia-east2,128.107
australia-southeast1,europe-west9,268.403
australia-southeast1,asia-south2,157.295
australia-southeast1,europe-west1,256.029
australia-southeast1,asia-northeast2,104.95
australia-southeast1,us-west3,151.871
australia-southeast1,europe-west3,248.029
australia-southeast1,australia-southeast1,4
asia-southeast2,europe-west1,177.757
asia-southeast2,us-east1,231.631
asia-southeast2,asia-south1,72.718
asia-southeast2,europe-central2,188.494
asia-southeast2,europe-west10,180.549
asia-southeast2,europe-southwest1,193.656
asia-southeast2,europe-west2,181.405
asia-southeast2,us-east4,224.134
asia-southeast2,us-west1,168.7
asia-southeast2,us-west4,178.22
asia-southeast2,us-west2,173.33
asia-southeast2,europe-west6,175.133
asia-southeast2,us-east5,219.743
asia-southeast2,europe-north1,201.287
asia-southeast2,asia-northeast3,84.919
asia-southeast2,me-west1,164.103
asia-southeast2,australia-southeast2,97.487
asia-southeast2,asia-northeast1,85.259
asia-southeast2,northamerica-northeast2,223.439
asia-southeast2,us-central1,219.063
asia-southeast2,europe-west3,169.217
asia-southeast2,europe-west12,181.065
asia-southeast2,me-central1,117.29
asia-southeast2,us-west3,187.002
asia-southeast2,northamerica-northeast1,228.987
asia-southeast2,europe-west9,178.819
asia-southeast2,australia-southeast1,106.587
asia-southeast2,europe-west8,179.335
asia-southeast2,asia-south2,78.726
asia-southeast2,asia-east2,48.903
asia-southeast2,asia-northeast2,91.903
asia-southeast2,southamerica-east1,329.568
asia-southeast2,asia-southeast1,14.253
asia-southeast2,europe-west4,176.672
asia-southeast2,asia-east1,60.331
asia-southeast2,asia-southeast2,4
asia-southeast1,southamerica-east1,312.212
asia-southeast1,asia-east2,35.441
asia-southeast1,asia-northeast3,70.933
asia-southeast1,europe-west3,154.984
asia-southeast1,europe-west12,169.674
asia-southeast1,europe-west2,167.832
asia-southeast1,europe-west6,161.953
asia-southeast1,europe-west1,164.669
asia-southeast1,europe-north1,184.796
asia-southeast1,europe-west10,168.052
asia-southeast1,us-west2,159.05
asia-southeast1,us-west4,165.11
asia-southeast1,us-east5,206.035
asia-southeast1,us-central1,204.452
asia-southeast1,europe-west9,164.163
asia-southeast1,us-east4,210.365
asia-southeast1,australia-southeast2,85.685
asia-southeast1,europe-southwest1,179.57
asia-southeast1,northamerica-northeast2,208.746
asia-southeast1,europe-west8,166.024
asia-southeast1,us-west1,155.004
asia-southeast1,asia-east1,44.056
asia-southeast1,asia-south1,59.599
asia-southeast1,asia-northeast2,79.627
asia-southeast1,me-central1,103.897
asia-southeast1,northamerica-northeast1,215.26
asia-southeast1,australia-southeast1,93.002
asia-southeast1,europe-central2,174.721
asia-southeast1,us-west3,173.339
asia-southeast1,us-east1,222.153
asia-southeast1,asia-south2,66.992
asia-southeast1,asia-northeast1,71.558
asia-southeast1,europe-west4,161.934
asia-southeast1,asia-southeast2,14.264
asia-southeast1,me-west1,149.558
asia-southeast1,asia-southeast1,4
asia-south2,me-west1,116.043
asia-south2,asia-south1,20.349
asia-south2,asia-east1,117.762
asia-south2,us-east1,240.271
asia-south2,asia-northeast1,137.35
asia-south2,europe-west4,161.289
asia-south2,europe-west1,154.536
asia-south2,europe-west12,149.459
asia-south2,europe-west2,160.76
asia-south2,europe-west9,152.676
asia-south2,europe-west10,165.61
asia-south2,europe-west3,162.01
asia-south2,us-west1,227.842
asia-south2,europe-west8,149.705
asia-south2,us-west4,235.234
asia-south2,australia-southeast2,150.033
asia-south2,asia-northeast2,145.299
asia-south2,asia-east2,99.685
asia-south2,europe-southwest1,158.844
asia-south2,europe-north1,183.37
asia-south2,us-central1,259.474
asia-south2,northamerica-northeast1,236.916
asia-south2,us-west2,225.381
asia-south2,us-west3,237.627
asia-south2,us-east5,234.927
asia-south2,southamerica-east1,346.761
asia-south2,europe-central2,177.061
asia-south2,us-east4,228.444
asia-south2,asia-southeast1,66.994
asia-south2,australia-southeast1,158.843
asia-south2,asia-southeast2,79.057
asia-south2,me-central1,62.947
asia-south2,asia-northeast3,135.416
asia-south2,europe-west6,151.664
asia-south2,northamerica-northeast2,242.369
asia-south2,asia-south2,4
asia-south1,australia-southeast1,152.19
asia-south1,us-west3,232.702
asia-south1,asia-south2,20.332
asia-south1,asia-southeast2,72.997
asia-south1,asia-east2,94.393
asia-south1,europe-west3,138.001
asia-south1,europe-west4,141.657
asia-south1,europe-west1,137.842
asia-south1,europe-west9,131.504
asia-south1,europe-west10,154.879
asia-south1,us-west1,214.834
asia-south1,europe-central2,152.342
asia-south1,us-central1,234.029
asia-south1,us-west4,224.285
asia-south1,europe-west2,140.826
asia-south1,asia-northeast1,130.814
asia-south1,asia-east1,106.883
asia-south1,europe-west12,128.054
asia-south1,australia-southeast2,141.704
asia-south1,europe-west8,128.519
asia-south1,us-west2,218.698
asia-south1,asia-northeast3,129.281
asia-south1,asia-southeast1,59.593
asia-south1,europe-southwest1,134.54
asia-south1,us-east4,208.38
asia-south1,southamerica-east1,322.875
asia-south1,me-west1,90.578
asia-south1,me-central1,41.069
asia-south1,us-east5,219.937
asia-south1,northamerica-northeast1,216.673
asia-south1,europe-west6,128.426
asia-south1,us-east1,220.831
asia-south1,asia-northeast2,137.853
asia-south1,northamerica-northeast2,224.605
asia-south1,europe-north1,166.785
asia-south1,asia-south1,4
asia-northeast3,europe-west9,235.979
asia-northeast3,us-west3,139.983
asia-northeast3,asia-southeast1,70.917
asia-northeast3,asia-east1,38.003
asia-northeast3,asia-east2,36.999
asia-northeast3,europe-west10,240.536
asia-northeast3,europe-west8,239.232
asia-northeast3,europe-west3,228.301
asia-northeast3,europe-southwest1,244.006
asia-northeast3,europe-west12,239.969
asia-northeast3,europe-north1,256.684
asia-northeast3,europe-west6,236.125
asia-northeast3,europe-west1,235.511
asia-northeast3,europe-west2,238.654
asia-northeast3,us-east1,187.303
asia-northeast3,us-west4,132.049
asia-northeast3,us-west1,114.844
asia-northeast3,asia-southeast2,84.911
asia-northeast3,europe-west4,234.329
asia-northeast3,us-west2,126.664
asia-northeast3,us-east4,169.599
asia-northeast3,australia-southeast1,126.854
asia-northeast3,europe-central2,246.881
asia-northeast3,us-east5,165.786
asia-northeast3,asia-south1,129.274
asia-northeast3,us-central1,172.591
asia-northeast3,northamerica-northeast2,168.222
asia-northeast3,northamerica-northeast1,175.286
asia-northeast3,australia-southeast2,138.501
asia-northeast3,me-central1,175.689
asia-northeast3,asia-south2,135.424
asia-northeast3,southamerica-east1,280.744
asia-northeast3,asia-northeast2,31.497
asia-northeast3,asia-northeast1,31.288
asia-northeast3,me-west1,229.328
asia-northeast3,asia-northeast3,4
asia-northeast2,us-east1,165.611
asia-northeast2,asia-east2,46.872
asia-northeast2,europe-north1,257.559
asia-northeast2,europe-west4,234.168
asia-northeast2,europe-west12,246.379
asia-northeast2,europe-west2,227.018
asia-northeast2,europe-west10,243.564
asia-northeast2,europe-west8,241.335
asia-northeast2,europe-west9,230.394
asia-northeast2,europe-west1,235.454
asia-northeast2,us-east4,155.992
asia-northeast2,us-west4,112.659
asia-northeast2,europe-west3,234.224
asia-northeast2,northamerica-northeast1,161.345
asia-northeast2,asia-east1,35.325
asia-northeast2,asia-south2,143.698
asia-northeast2,europe-west6,239.731
asia-northeast2,europe-central2,253.216
asia-northeast2,europe-southwest1,230.536
asia-northeast2,southamerica-east1,263.382
asia-northeast2,asia-southeast1,79.634
asia-northeast2,asia-northeast1,8.591
asia-northeast2,us-west2,107.172
asia-northeast2,us-central1,153.115
asia-northeast2,us-west3,120.908
asia-northeast2,us-west1,98.764
asia-northeast2,me-west1,228.88
asia-northeast2,us-east5,152.001
asia-northeast2,australia-southeast2,116.764
asia-northeast2,asia-southeast2,91.893
asia-northeast2,australia-southeast1,105.026
asia-northeast2,asia-south1,137.804
asia-northeast2,asia-northeast3,31.5
asia-northeast2,northamerica-northeast2,152.305
asia-northeast2,me-central1,179.64
asia-northeast2,asia-northeast2,4
asia-northeast1,northamerica-northeast2,140.91
asia-northeast1,us-west1,87.602
asia-northeast1,asia-south2,137.359
asia-northeast1,europe-west6,233.816
asia-northeast1,europe-southwest1,216.44
asia-northeast1,europe-west9,219.758
asia-northeast1,europe-west10,230.134
asia-northeast1,europe-central2,238.441
asia-northeast1,europe-west3,228.481
asia-northeast1,europe-west8,236.468
asia-northeast1,northamerica-northeast1,147.658
asia-northeast1,us-central1,145.361
asia-northeast1,us-east1,159.904
asia-northeast1,asia-east2,47.751
asia-northeast1,asia-south1,130.822
asia-northeast1,europe-north1,245.012
asia-northeast1,us-west2,99.405
asia-northeast1,europe-west12,235.174
asia-northeast1,asia-northeast2,8.579
asia-northeast1,asia-southeast2,85.262
asia-northeast1,europe-west4,220.624
asia-northeast1,europe-west1,221.903
asia-northeast1,us-east4,142.392
asia-northeast1,us-west4,104.704
asia-northeast1,australia-southeast2,117.043
asia-northeast1,europe-west2,212.899
asia-northeast1,australia-southeast1,102.756
asia-northeast1,asia-southeast1,72.068
asia-northeast1,me-central1,174.636
asia-northeast1,us-east5,138.472
asia-northeast1,southamerica-east1,253.121
asia-northeast1,asia-northeast3,31.302
asia-northeast1,me-west1,221.53
asia-northeast1,asia-east1,34.89
asia-northeast1,us-west3,112.543
asia-northeast1,asia-northeast1,4
asia-east2,me-central1,134.725
asia-east2,asia-east1,12.32
asia-east2,asia-southeast1,35.634
asia-east2,asia-northeast2,46.87
asia-east2,asia-south1,94.398
asia-east2,asia-northeast3,37
asia-east2,europe-west9,200.696
asia-east2,europe-north1,219.482
asia-east2,europe-west1,198.263
asia-east2,europe-west3,192.352
asia-east2,europe-central2,209.767
asia-east2,europe-southwest1,215.586
asia-east2,europe-west8,199.95
asia-east2,us-west4,144.559
asia-east2,us-east5,181.574
asia-east2,us-west2,138.901
asia-east2,us-central1,161.865
asia-east2,northamerica-northeast1,191.079
asia-east2,australia-southeast2,118.634
asia-east2,europe-west4,197.351
asia-east2,asia-northeast1,47.742
asia-east2,asia-south2,99.628
asia-east2,europe-west2,204.117
asia-east2,europe-west12,203.769
asia-east2,us-east4,185.282
asia-east2,europe-west6,194.661
asia-east2,southamerica-east1,297.386
asia-east2,us-west3,152.881
asia-east2,europe-west10,202.64
asia-east2,us-west1,130.443
asia-east2,northamerica-northeast2,183.593
asia-east2,us-east1,199.341
asia-east2,me-west1,190.482
asia-east2,australia-southeast1,128.032
asia-east2,asia-southeast2,49.217
asia-east2,asia-east2,4
asia-east1,southamerica-east1,284.171
asia-east1,asia-east2,12.317
asia-east1,asia-south2,117.777
asia-east1,me-central1,147.891
asia-east1,asia-northeast3,38.023
asia-east1,europe-west3,202.038
asia-east1,europe-west12,215.018
asia-east1,europe-north1,232.243
asia-east1,europe-west1,208.767
asia-east1,europe-west2,217.392
asia-east1,europe-west8,211.133
asia-east1,europe-central2,222.709
asia-east1,us-east4,173.276
asia-east1,europe-west9,210.499
asia-east1,northamerica-northeast1,178.281
asia-east1,us-west1,118.427
asia-east1,northamerica-northeast2,171.836
asia-east1,asia-northeast2,37.639
asia-east1,asia-south1,106.889
asia-east1,us-central1,149.751
asia-east1,europe-west6,207.567
asia-east1,us-west2,126.895
asia-east1,australia-southeast1,130.4
asia-east1,asia-southeast1,44.053
asia-east1,australia-southeast2,128.463
asia-east1,us-west3,140.711
asia-east1,europe-southwest1,225.633
asia-east1,us-east1,186.607
asia-east1,us-east5,169.457
asia-east1,us-west4,132.343
asia-east1,me-west1,198.39
asia-east1,europe-west4,210.168
asia-east1,europe-west10,213.059
asia-east1,asia-northeast1,35.044
asia-east1,asia-southeast2,60.338
asia-east1,asia-east1,4
europe-central2,africa-south1,187.94
europe-central2,asia-east1,197.81
europe-central2,asia-east2,212.2
europe-central2,asia-northeast1,239.05
europe-central2,asia-northeast2,256.7
europe-central2,asia-northeast3,246.84
europe-central2,asia-south1,159.16
europe-central2,asia-south2,177.39
europe-central2,asia-southeast1,177.25
europe-central2,asia-southeast2,190.03
europe-central2,australia-southeast1,269.93
europe-central2,australia-southeast2,262.05
europe-central2,europe-central2,4
europe-central2,europe-north1,-9999
europe-central2,europe-southwest1,39.71
europe-central2,europe-west1,19.92
europe-central2,europe-west2,24.8
europe-central2,europe-west3,18.44
europe-central2,europe-west4,17.27
europe-central2,europe-west6,23.38
europe-central2,europe-west8,30.06
europe-central2,europe-west9,24.91
europe-central2,europe-west10,8.55
europe-central2,europe-west12,33.28
europe-central2,me-central1,136.61
europe-central2,me-central2,104.26
europe-central2,me-west1,72.09
europe-central2,northamerica-northeast1,100.69
europe-central2,northamerica-northeast2,108.12
europe-central2,northamerica-south1,151.99
europe-central2,southamerica-east1,210.03
europe-central2,southamerica-west1,223.52
europe-central2,us-central1,117.82
europe-central2,us-central2,123.46
europe-central2,us-east1,97.35
europe-central2,us-east4,95.05
europe-central2,us-east5,104.12
europe-central2,us-south1,127.54
europe-central2,us-west1,151.19
europe-central2,us-west2,152.35
europe-central2,us-west3,138.68
europe-central2,us-west4,147.39
europe-central2,us-west8,149.9
africa-south1,europe-central2,187.94
asia-east1,europe-central2,197.81
asia-east2,europe-central2,212.2
asia-northeast1,europe-central2,239.05
asia-northeast2,europe-central2,256.7
asia-northeast3,europe-central2,246.84
asia-south1,europe-central2,159.16
asia-south2,europe-central2,177.39
asia-southeast1,europe-central2,177.25
asia-southeast2,europe-central2,190.03
australia-southeast1,europe-central2,269.93
australia-southeast2,europe-central2,262.05
europe-central2,europe-central2,4
europe-north1,europe-central2,-9999
europe-southwest1,europe-central2,39.71
europe-west1,europe-central2,19.92
europe-west2,europe-central2,24.8
europe-west3,europe-central2,18.44
europe-west4,europe-central2,17.27
europe-west6,europe-central2,23.38
europe-west8,europe-central2,30.06
europe-west9,europe-central2,24.91
europe-west10,europe-central2,8.55
europe-west12,europe-central2,33.28
me-central1,europe-central2,136.61
me-central2,europe-central2,104.26
me-west1,europe-central2,72.09
northamerica-northeast1,europe-central2,100.69
northamerica-northeast2,europe-central2,108.12
northamerica-south1,europe-central2,151.99
southamerica-east1,europe-central2,210.03
southamerica-west1,europe-central2,223.52
us-central1,europe-central2,117.82
us-central2,europe-central2,123.46
us-east1,europe-central2,97.35
us-east4,europe-central2,95.05
us-east5,europe-central2,104.12
us-south1,europe-central2,127.54
us-west1,europe-central2,151.19
us-west2,europe-central2,152.35
us-west3,europe-central2,138.68
us-west4,europe-central2,147.39
us-west8,europe-central2,149.9
africa-south1,africa-south1,4
africa-south1,asia-east1,209.07
africa-south1,asia-east2,218.9
africa-south1,asia-northeast1,259.17
africa-south1,asia-northeast2,259.03
africa-south1,asia-northeast3,251.34
africa-south1,asia-south1,129.07
africa-south1,asia-south2,148.9
africa-south1,asia-southeast1,188.17
africa-south1,asia-southeast2,201.63
africa-south1,australia-southeast1,279.81
africa-south1,australia-southeast2,271.5
africa-south1,europe-central2,183.54
africa-south1,europe-north1,-9999
africa-south1,europe-southwest1,137.15
africa-south1,europe-west1,159.26
africa-south1,europe-west2,149.95
africa-south1,europe-west3,148.54
africa-south1,europe-west4,159.81
africa-south1,europe-west6,166.44
africa-south1,europe-west8,163.94
africa-south1,europe-west9,152.57
africa-south1,europe-west10,163.39
africa-south1,europe-west12,161.24
africa-south1,me-central1,110.11
africa-south1,me-central2,112.09
africa-south1,me-west1,169.53
africa-south1,northamerica-northeast1,216.93
africa-south1,northamerica-northeast2,223.77
africa-south1,northamerica-south1,267.51
africa-south1,southamerica-east1,330.51
africa-south1,southamerica-west1,344.2
africa-south1,us-central1,239.45
africa-south1,us-central2,249.03
africa-south1,us-east1,210.61
africa-south1,us-east4,218.38
africa-south1,us-east5,219.98
africa-south1,us-south1,249.08
africa-south1,us-west1,272.06
africa-south1,us-west2,260.73
africa-south1,us-west3,248.73
africa-south1,us-west4,270.04
africa-south1,us-west8,259.94
africa-south1,africa-south1,4
asia-east1,africa-south1,209.07
asia-east2,africa-south1,218.9
asia-northeast1,africa-south1,259.17
asia-northeast2,africa-south1,259.03
asia-northeast3,africa-south1,251.34
asia-south1,africa-south1,129.07
asia-south2,africa-south1,148.9
asia-southeast1,africa-south1,188.17
asia-southeast2,africa-south1,201.63
australia-southeast1,africa-south1,279.81
australia-southeast2,africa-south1,271.5
europe-central2,africa-south1,183.54
europe-north1,africa-south1,-9999
europe-southwest1,africa-south1,137.15
europe-west1,africa-south1,159.26
europe-west2,africa-south1,149.95
europe-west3,africa-south1,148.54
europe-west4,africa-south1,159.81
europe-west6,africa-south1,166.44
europe-west8,africa-south1,163.94
europe-west9,africa-south1,152.57
europe-west10,africa-south1,163.39
europe-west12,africa-south1,161.24
me-central1,africa-south1,110.11
me-central2,africa-south1,112.09
me-west1,africa-south1,169.53
northamerica-northeast1,africa-south1,216.93
northamerica-northeast2,africa-south1,223.77
northamerica-south1,africa-south1,267.51
southamerica-east1,africa-south1,330.51
southamerica-west1,africa-south1,344.2
us-central1,africa-south1,239.45
us-central2,africa-south1,249.03
us-east1,africa-south1,210.61
us-east4,africa-south1,218.38
us-east5,africa-south1,219.98
us-south1,africa-south1,249.08
us-west1,africa-south1,272.06
us-west2,africa-south1,260.73
us-west3,africa-south1,248.73
us-west4,africa-south1,270.04
us-west8,africa-south1,259.94
me-central2,africa-south1,112.62
me-central2,asia-east1,133.77
me-central2,asia-east2,134.54
me-central2,asia-northeast1,175.48
me-central2,asia-northeast2,176.85
me-central2,asia-northeast3,168.21
me-central2,asia-south1,45.47
me-central2,asia-south2,65.3
me-central2,asia-southeast1,104.18
me-central2,asia-southeast2,117.74
me-central2,australia-southeast1,196.32
me-central2,australia-southeast2,187.1
me-central2,europe-central2,102.62
me-central2,europe-north1,-9999
me-central2,europe-southwest1,85.32
me-central2,europe-west1,79.34
me-central2,europe-west2,85.08
me-central2,europe-west3,79.74
me-central2,europe-west4,89.65
me-central2,europe-west6,82.32
me-central2,europe-west8,77.24
me-central2,europe-west9,83.76
me-central2,europe-west10,90.12
me-central2,europe-west12,77.75
me-central2,me-central1,26.12
me-central2,me-central2,4
me-central2,me-west1,88.94
me-central2,northamerica-northeast1,164.52
me-central2,northamerica-northeast2,171.75
me-central2,northamerica-south1,215.48
me-central2,southamerica-east1,273.28
me-central2,southamerica-west1,282.59
me-central2,us-central1,178.26
me-central2,us-central2,182.84
me-central2,us-east1,157.06
me-central2,us-east4,154.89
me-central2,us-east5,167.2
me-central2,us-south1,192.32
me-central2,us-west1,213.9
me-central2,us-west2,211.51
me-central2,us-west3,202.99
me-central2,us-west4,216.55
me-central2,us-west8,216.35
africa-south1,me-central2,112.62
asia-east1,me-central2,133.77
asia-east2,me-central2,134.54
asia-northeast1,me-central2,175.48
asia-northeast2,me-central2,176.85
asia-northeast3,me-central2,168.21
asia-south1,me-central2,45.47
asia-south2,me-central2,65.3
asia-southeast1,me-central2,104.18
asia-southeast2,me-central2,117.74
australia-southeast1,me-central2,196.32
australia-southeast2,me-central2,187.1
europe-central2,me-central2,102.62
europe-north1,me-central2,-9999
europe-southwest1,me-central2,85.32
europe-west1,me-central2,79.34
europe-west2,me-central2,85.08
europe-west3,me-central2,79.74
europe-west4,me-central2,89.65
europe-west6,me-central2,82.32
europe-west8,me-central2,77.24
europe-west9,me-central2,83.76
europe-west10,me-central2,90.12
europe-west12,me-central2,77.75
me-central1,me-central2,26.12
me-central2,me-central2,4
me-west1,me-central2,88.94
northamerica-northeast1,me-central2,164.52
northamerica-northeast2,me-central2,171.75
northamerica-south1,me-central2,215.48
southamerica-east1,me-central2,273.28
southamerica-west1,me-central2,282.59
us-central1,me-central2,178.26
us-central2,me-central2,182.84
us-east1,me-central2,157.06
us-east4,me-central2,154.89
us-east5,me-central2,167.2
us-south1,me-central2,192.32
us-west1,me-central2,213.9
us-west2,me-central2,211.51
us-west3,me-central2,202.99
us-west4,me-central2,216.55
us-west8,me-central2,216.35
us-central2,africa-south1,249.53
us-central2,asia-east1,147.77
us-central2,asia-east2,175.51
us-central2,asia-northeast1,136.43
us-central2,asia-northeast2,143.73
us-central2,asia-northeast3,163.02
us-central2,asia-south1,239.85
us-central2,asia-south2,260.69
us-central2,asia-southeast1,195.9
us-central2,asia-southeast2,208.76
us-central2,australia-southeast1,174.3
us-central2,australia-southeast2,185.84
us-central2,europe-central2,122.14
us-central2,europe-north1,-9999
us-central2,europe-southwest1,109.22
us-central2,europe-west1,100.17
us-central2,europe-west2,92.26
us-central2,europe-west3,104.6
us-central2,europe-west4,95.79
us-central2,europe-west6,118.68
us-central2,europe-west8,121.59
us-central2,europe-west9,105.26
us-central2,europe-west10,107.49
us-central2,europe-west12,120.22
us-central2,me-central1,217.99
us-central2,me-central2,184.86
us-central2,me-west1,153.51
us-central2,northamerica-northeast1,32.81
us-central2,northamerica-northeast2,26.02
us-central2,northamerica-south1,30.28
us-central2,southamerica-east1,136.1
us-central2,southamerica-west1,122.88
us-central2,us-central1,8.81
us-central2,us-central2,4
us-central2,us-east1,25.52
us-central2,us-east4,27.07
us-central2,us-east5,23.35
us-central2,us-south1,7.27
us-central2,us-west1,42.69
us-central2,us-west2,35.67
us-central2,us-west3,29.04
us-central2,us-west4,34.34
us-central2,us-west8,28.43
africa-south1,us-central2,249.53
asia-east1,us-central2,147.77
asia-east2,us-central2,175.51
asia-northeast1,us-central2,136.43
asia-northeast2,us-central2,143.73
asia-northeast3,us-central2,163.02
asia-south1,us-central2,239.85
asia-south2,us-central2,260.69
asia-southeast1,us-central2,195.9
asia-southeast2,us-central2,208.76
australia-southeast1,us-central2,174.3
australia-southeast2,us-central2,185.84
europe-central2,us-central2,122.14
europe-north1,us-central2,-9999
europe-southwest1,us-central2,109.22
europe-west1,us-central2,100.17
europe-west2,us-central2,92.26
europe-west3,us-central2,104.6
europe-west4,us-central2,95.79
europe-west6,us-central2,118.68
europe-west8,us-central2,121.59
europe-west9,us-central2,105.26
europe-west10,us-central2,107.49
europe-west12,us-central2,120.22
me-central1,us-central2,217.99
me-central2,us-central2,184.86
me-west1,us-central2,153.51
northamerica-northeast1,us-central2,32.81
northamerica-northeast2,us-central2,26.02
northamerica-south1,us-central2,30.28
southamerica-east1,us-central2,136.1
southamerica-west1,us-central2,122.88
us-central1,us-central2,8.81
us-central2,us-central2,4
us-east1,us-central2,25.52
us-east4,us-central2,27.07
us-east5,us-central2,23.35
us-south1,us-central2,7.27
us-west1,us-central2,42.69
us-west2,us-central2,35.67
us-west3,us-central2,29.04
us-west4,us-central2,34.34
us-west8,us-central2,28.43